ra,deg,has_spec,name
280.62880017647,-57.79687059123,true,Gaia6637341652064631808
167.99981111672,-22.23379591047,true,Gaia3538872152179187968
265.86481573816,-35.28033615015,true,Gaia4041291929029330176
43.88499895937,-16.10352246718,true,Gaia5153735664554607744
13.96764126712,29.0326953704,true,Gaia311192508266962048
341.92134919143,-27.85083639442,true,Gaia6610218761788712320
136.38873304626,51.58548595296,true,Gaia1016569147797519744
24.7160723595,-30.20474189126,true,Gaia5022809054029691648
343.71385987449,-5.49000320863,true,Gaia2611803903717161344
323.54048206036,8.41288318313,true,Gaia1740876143446119808
276.83882718193,43.84939393347,true,Gaia2112069138681324416
167.66098793624,48.52102541503,true,Gaia837681900196906240
70.7429606481,-45.10046934497,true,Gaia4790370371773437056
170.27056325437,43.36155371603,true,Gaia783850841693106432
273.89621257046,27.76319874575,true,Gaia4586286269035063680
338.95253673454,38.4179992538,true,Gaia1907970334271468416
7.81444872123,-76.57565847152,true,Gaia4683996259622700032
130.48402649114,-21.54648391786,true,Gaia5702616168404590336
97.47469716765,-32.79180303434,true,Gaia2892099864663197312
145.50853413649,4.37904034546,true,Gaia3851289065425355648
253.59913438579,27.25901369707,true,Gaia1306972498227099904
94.89911658057,-29.30084216835,true,Gaia2896846696878762112
165.73793748008,26.41185940947,true,Gaia3996830152578530432
109.74197622545,24.42790951919,true,Gaia869751428860787584
211.76847801607,27.59907739262,true,Gaia1260282870824920064
339.14010367865,-46.73334592773,true,Gaia6519275024024354048
133.32789901013,8.89000837375,true,Gaia597364534227325696
195.10650269281,-16.80776620609,true,Gaia3512029980967125376
195.20045388132,28.38909381169,true,Gaia1463848004075507328
255.45273150088,27.68266913733,true,Gaia1306869182790667776
156.83102098529,7.11825358701,true,Gaia3863137334006562304
164.71689096225,-5.26502769892,true,Gaia3788714415579718400
27.43513870725,15.01850772098,true,Gaia2588161109479976448
23.64629495642,8.79800766467,true,Gaia2572754065356372224
80.24926863227,-27.62192614588,true,Gaia2955043572457970432
336.58936023299,25.26250369412,true,Gaia1879035173955947520
55.44163232205,-26.82647843846,false,Gaia5081463635685288832
1.20113248838,-41.95781884226,true,Gaia4995756085823608960
188.08663136361,39.96891703178,true,Gaia1533794084815253760
223.47460421129,9.57311510433,true,Gaia1174079441220805504
198.20307113294,42.87690126918,true,Gaia1526457494696645632
178.79307683463,-22.54655325819,true,Gaia3493728678642575360
21.6276215663,8.54037969899,true,Gaia2566881706896582272
316.25764495772,-13.57797641321,true,Gaia6885426655364530944
73.84609323196,-42.27149920986,true,Gaia4813525708697405056
355.64792807033,-55.5775614269,true,Gaia6497576441223672704
10.07152353447,-51.64670743185,true,Gaia4925228530937174528
18.0707799647,2.49658177828,true,Gaia2538675389648909056
32.80669943035,-11.92880616237,true,Gaia5151220158043787392
142.04410194432,26.50436966999,true,Gaia694150728889523840
153.12828699808,18.33920792005,false,Gaia623378803246669440
146.14653209717,-16.27564034541,true,Gaia5685315073766616576
52.81159859349,-29.35302335466,true,Gaia5057072104094716416
216.90886317745,-12.06387518896,true,Gaia6324540180326589568
42.86558471626,34.24495852078,true,Gaia139834480072130944
10.38100037622,-49.6032465072,true,Gaia4926751801218472320
178.42405425824,46.21171580202,false,Gaia774174525189146880
333.04329438387,-18.46048322789,true,Gaia6822380864786888448
156.81158472993,35.72149883123,true,Gaia752910520063192192
17.93180030236,-35.05016306572,true,Gaia5014131983141972992
154.34990229753,-20.78292256326,true,Gaia5668105247186154624
31.36464034202,19.04142873968,true,Gaia92811739301334144
120.92515676519,30.38186124382,true,Gaia877665679196931200
316.53568260564,18.93106155249,true,Gaia1789115841726529920
234.05037605117,52.69850737113,true,Gaia1595398729183917056
203.84742507253,49.10974272673,true,Gaia1552536776635839360
92.98093137258,45.00745544821,true,Gaia963207374602071552
13.94412057767,-63.98195082534,false,Gaia4709036266850893184
205.26451635331,-7.66350929773,true,Gaia3618612068318217984
183.19420299943,-23.75562670447,true,Gaia3489795175793923840
200.2890633975,-11.6588581557,true,Gaia3611169955146215680
35.27295793639,37.34614999316,true,Gaia331580550519926272
123.99315807438,15.6820250392,true,Gaia655505021181460224
46.55355107365,-39.10319416514,true,Gaia5044710913339261696
59.18036008581,-56.72502580494,true,Gaia4683094144691523072
21.73310804085,-32.13668540994,true,Gaia5016352614376458112
18.3825340329,-34.41387646799,true,Gaia5014189535703464832
197.54835372861,46.02346072698,true,Gaia1553850693031509760
341.93154845609,-31.05192402155,true,Gaia6607355805308594816
214.70673796391,13.41615810732,true,Gaia1226876374678606976
269.16547161735,38.29791704534,true,Gaia4610721849809280896
43.37158500905,-54.69762112802,true,Gaia4740722641479899904
294.51831762019,-51.16371880049,false,Gaia6646001062046335616
234.62733159014,8.92143036711,true,Gaia1164824134590757504
218.94475733687,73.10081466935,false,Gaia1699592539839642240
123.44180459357,-76.76010229698,true,Gaia5210440227979225216
185.85056701435,2.67901356787,false,Gaia3701408145748074752
223.82299668105,-51.5708839908,false,Gaia5901006239749185792
150.42169860138,20.25077257102,true,Gaia627096114626082048
174.80798527784,33.93087457594,false,Gaia4025819979236007168
256.8239726112,45.60293138428,true,Gaia1358852924319583104
212.7030939476,-36.73662301187,false,Gaia6120990444536386048
194.05930884208,56.87367714293,false,Gaia1577113301057089664
133.72995126472,-24.39367077897,false,Gaia5653012697750914560
232.66457696525,-14.28654986943,false,Gaia6265885529954201728
311.58683922414,-2.81260059888,false,Gaia4225084024862141568
149.9827062754,13.04381769707,false,Gaia614898549234400640
294.38760312457,-6.21800245623,false,Gaia4208920722904392832
88.10209373822,-64.03632159232,true,Gaia4756452052971526912
194.44967129359,-23.84557198229,false,Gaia3498797358526741248
356.65349390612,9.51264290621,true,Gaia2759774705410731264
228.09362264002,-33.55947770263,false,Gaia6201371066719085568
77.68974872374,16.49949439281,false,Gaia3394656393147809536
265.48022165178,-12.19905121458,false,Gaia4162209002204451712
181.60951643188,42.74058356694,false,Gaia1537517619597946496
38.49883741022,0.82735409122,true,Gaia2502050309434534144
245.09091062846,17.60665349161,true,Gaia1200259229691356672
310.99771109381,53.24232257787,false,Gaia2182440184968650112
203.1629680275,-10.4812716283,false,Gaia3611591033740017664
2.62919133836,10.97486235767,false,Gaia2753828099849995776
1.58140543294,20.20294908207,false,Gaia2798344508160161280
190.5441873284,33.284072884,false,Gaia1514610016387783296
63.71940338069,-7.92769108156,false,Gaia3195905922532343040
21.88550665435,19.17884435781,false,Gaia2786195003456634368
332.28192982925,-27.80948883798,false,Gaia6618526774727394560
352.88954057444,-27.81157633262,true,Gaia2331849104910705280
103.05139513074,74.42697821333,false,Gaia1114918847994804608
119.92427001264,-38.73223377197,false,Gaia5537958220480633088
224.9934830083,33.61715995251,true,Gaia1289825618688548352
138.50733714177,5.13072941075,true,Gaia579689403774630272
45.01799519849,-10.82461037079,false,Gaia5160702861717904256
95.63963682195,-23.29491269392,false,Gaia2936769208170781952
208.37348117598,-43.69541693814,false,Gaia6108727419558257536
53.32829003151,37.30310144195,false,Gaia222792121288032512
238.18237727486,-16.89471322473,false,Gaia6260793451090479488
207.04903960308,28.30051151594,true,Gaia1451824535187794944
59.23761206978,42.92791001214,false,Gaia231496542530472704
68.2962314938,5.35433873826,false,Gaia3282513216501834880
37.52301086589,-8.99811317966,false,Gaia5175711813912302080
181.83253555604,24.19884005299,false,Gaia4002640075099399680
249.62880028651,-20.92348980375,false,Gaia4130110821798724608
136.65912321208,17.37317290514,true,Gaia611262563065761920
71.83635792755,-5.13725095868,false,Gaia3200486419254058112
11.77466135158,3.33188489059,true,Gaia2550891582308656640
203.97403757147,-34.29559979462,false,Gaia6165238846886299392
300.06474334,-54.28673773178,false,Gaia6665327624603812736
162.13003481537,39.52977748831,true,Gaia776229405046412160
89.50856985714,-38.33457066382,false,Gaia2883688050953797760
148.51059645963,-34.22850392517,false,Gaia5435621210077570688
338.40658772726,-60.55809724974,true,Gaia6407294437659683200
353.55345060995,7.60765313071,true,Gaia2757607082659393536
301.74135996907,-34.54851625034,false,Gaia6698697287111931392
66.38800192581,34.7887392376,true,Gaia176243952928968576
120.4915518006,-49.77844285254,false,Gaia5514459900347426432
79.08841061544,-10.5615030409,false,Gaia2990073016486189056
227.99918701398,-21.31709315376,false,Gaia6255559707018892288
39.61423250777,1.9077107785,false,Gaia2502238158419726080
154.95618695293,33.36769881549,false,Gaia752142476831864960
209.15297024004,-19.52912784853,false,Gaia6290727586432696064
6.25524173291,-45.49851738353,false,Gaia4980144807416680832
115.636754585,49.80966259107,false,Gaia982012184530623616
242.96414281066,-60.6319526924,false,Gaia5829905839326527872
278.76412337916,32.69634916414,false,Gaia2091155809049639552
333.67505817052,-38.80635492643,false,Gaia6573784863454545920
358.55718343056,-48.58596483955,true,Gaia6524154695285621632
168.30539173659,10.37011638646,true,Gaia3963270549438188928
149.92231595389,49.25820590767,false,Gaia823574066501110912
214.20834373176,-11.982790124,false,Gaia6303717560400469376
266.53726302814,67.62336565554,false,Gaia1634376244590492160
121.54113175087,22.26050932684,true,Gaia677071190142538880
14.97202275344,31.82701528786,false,Gaia312699771205600384
210.13317708265,4.08268541772,true,Gaia3670853645325033088
244.65191924161,-59.45479987785,false,Gaia5831570121980171392
214.95724431273,-19.47368596314,true,Gaia6283977925067872000
88.72336763519,46.43934014322,false,Gaia197813587927024768
52.71742544245,5.64043103042,false,Gaia3276095813805917184
64.58865492518,38.02661096767,false,Gaia177837935551654656
193.05193775562,-13.41479473974,false,Gaia3526110807908762240
125.78453217051,42.25582266734,false,Gaia915629513601052544
222.35668606264,8.03552516829,true,Gaia1173303808781856128
215.02624683203,-9.3869667791,false,Gaia6329123769424991104
158.23763875877,-27.12509731557,false,Gaia5468323297225307264
290.30894712759,-58.67027303579,false,Gaia6638569978350737280
100.51773910504,67.97656142107,true,Gaia1105880170923302912
179.92089277118,-19.99016251672,false,Gaia3494762730672638848
207.33025105245,-30.30950386009,false,Gaia6175160320123081600
74.03718234967,-21.98594443494,true,Gaia2973279728718524672
207.68609510735,57.27858360468,true,Gaia1658624736589166336
79.04753851993,-0.14976608713,false,Gaia3221556738534616064
165.6781784289,59.68877360643,true,Gaia860692071522063104
323.85472671014,-42.25073266012,true,Gaia6577999600763049600
182.63573206994,39.40585025379,false,Gaia1535808699355081728
85.88732496704,-27.6514084018,false,Gaia2907755501492870400
128.91165903905,-4.08830543424,false,Gaia3071550504594998656
105.85105193889,-60.25623648027,false,Gaia5479619164294227968
253.59002782067,65.62794475353,true,Gaia1635087628612723584
234.68651590627,-3.38003209373,false,Gaia4403412578819172864
87.66466033239,-23.18823725861,false,Gaia2915758056358973056
190.35736274852,-57.83429940667,false,Gaia6060788437735178624
211.58617565135,-16.61649917409,false,Gaia6297566067721159296
117.96619856675,49.81430254095,false,Gaia934279223673371008
274.1289902227,38.16050239475,true,Gaia2108922542562477312
271.97642250227,44.03147768541,true,Gaia2115642959490860032
6.77145830848,-36.65432156252,false,Gaia5004697864136977792
14.58506599548,-50.29841132129,false,Gaia4931550722796606080
80.38687909529,-67.00131949756,false,Gaia4658898158703455744
11.0712706075,41.32437320819,false,Gaia369279230824554112
10.76047820089,41.82005908076,false,Gaia381314347667942912
10.88785966503,41.20286398587,false,Gaia369256308582621312
226.47037617933,-10.01252520862,true,Gaia6319785857688692224
53.03753858568,10.19392173271,true,Gaia13038666012945408
272.40798095606,36.76441612703,true,Gaia4606912561714219648
332.37176681055,-1.9759339789,true,Gaia2676114343121145216
21.82218958657,-5.0684929878,true,Gaia2482201753731438976
355.92198434021,10.09610833216,false,Gaia2760056764503843456
62.83898934839,59.46218167242,false,Gaia470525491328543488
263.39794706207,-33.43271414192,false,Gaia4054416077676636416
74.17419277813,-69.46493236578,false,Gaia4655266570704855552
116.43520816499,-20.49655387356,false,Gaia5715277628921805056
4.5867160956,-21.20144045365,false,Gaia2361502521195364864
55.61587264157,-26.04520862962,false,Gaia5082064377054628480
48.42337297446,-62.83817218387,true,Gaia4720801728462872320
107.10121063573,-23.79317655951,false,Gaia2927407240319614208
173.20721391454,-56.87593943311,false,Gaia5342845651592425088
42.69842924075,-27.20202572252,false,Gaia5072547554160498944
37.34185298413,-11.86875364804,true,Gaia5171648770555027456
40.66823441208,-0.01053777242,false,Gaia2498700788995509632
53.401543597,-36.14041165352,false,Gaia4859919670550318336
107.01034189434,63.26657508379,false,Gaia1099763076637665536
272.89568505674,-44.6393315847,false,Gaia6720754379425156224
300.90386885924,13.53979285809,false,Gaia1806386042676198784
190.30905167083,-27.5073278557,true,Gaia3496085718038803712
237.18022795302,-32.1197799169,false,Gaia6015633728537536000
350.15892104825,-64.70439388586,false,Gaia6390450095616518528
2.9644899395,-87.10707006753,true,Gaia4613184657073041664
306.23054136156,-29.70873609209,true,Gaia6797268431525050752
258.92519138824,-24.525217317,false,Gaia4111038242131115904
344.9484487075,-74.08364045886,false,Gaia6379142718036753664
98.41735183519,-53.73668775969,false,Gaia5501188451397547776
240.64347919251,-42.19151875079,false,Gaia5994974351752645632
346.84521241318,43.60390740352,false,Gaia1931827297052678784
275.86045152281,23.22476911073,false,Gaia4530287665098316672
5.50769171236,-39.51589532633,false,Gaia4997246160302492800
315.73183344122,63.60683817708,false,Gaia2196449337491039872
259.12415285693,-24.09689475614,false,Gaia4114080182829076096
31.59818241518,-47.83088787474,false,Gaia4941268378361543296
264.66813942607,60.47955198279,false,Gaia1435722835938633344
220.32806680387,-55.5597718149,false,Gaia5893357521506370432
325.49924754948,-57.83221216262,true,Gaia6458843773313692544
24.70669561773,8.32935163751,true,Gaia2571894071170116608
287.60076382941,51.86261573523,false,Gaia2133436738419463936
265.53853014956,51.0181115653,false,Gaia1368138123922185344
39.12593469016,-52.45052175755,true,Gaia4744799733674749184
216.98636844992,-18.78438096177,true,Gaia6284260843153708416
199.56858832031,-33.93543300395,true,Gaia6167557540815374976
140.17997406568,-29.94174839894,false,Gaia5634763858449367936
303.98671521365,3.83448689245,false,Gaia4244513181302663936
111.76933103706,82.54894159124,false,Gaia1148778858327502976
275.06930983989,-42.72867448965,false,Gaia6721534968273503488
125.28172307309,31.13087443565,true,Gaia708735613193592320
29.39568758246,74.71200806645,true,Gaia558920831719864704
240.23531915773,-7.36811711136,true,Gaia4349670374604470656
328.64096656207,27.18593986741,true,Gaia1799934898705262720
212.48151999674,56.47400771913,true,Gaia1609971931175662336
303.02348845715,46.48216072124,false,Gaia2082570508723293184
223.10280974611,45.37324158277,true,Gaia1586744782398683776
320.17842346797,20.44069734999,true,Gaia1790475039960108032
185.80113826679,-15.73517332802,false,Gaia3521482722949155456
9.6120000247,-38.99639534078,true,Gaia5000252401186995456
167.11875898758,-12.52253775447,true,Gaia3565824137112168576
248.55329089947,32.05984018379,true,Gaia1324700272095613568
169.80977276316,60.08255699027,true,Gaia860903796230165760
269.44316239069,75.65449455599,true,Gaia1655893373611277696
12.24186530547,-6.47535247616,true,Gaia2523102246255351936
343.5384283759,14.65123867941,true,Gaia2816257648520390656
318.30628691458,-33.07686225261,false,Gaia6783853741128852992
115.294597147,31.20006425933,true,Gaia880027808129832192
252.90635863628,40.03860325521,true,Gaia1353088562812657408
333.8168108347,-29.73981401697,true,Gaia6614926728844941952
334.96012351526,7.61411644598,true,Gaia2722466008136297472
322.30073294083,-15.64473368959,true,Gaia6841341633570424960
202.48191911253,47.19672282462,false,Gaia1551988807528830208
65.62548793555,52.89852183187,false,Gaia272272785942382464
137.95570485564,-64.86461919893,false,Gaia5248758968415669632
91.04117335193,42.85477227238,true,Gaia961254843811915904
267.78722293038,-28.52304150782,true,Gaia4057431071696681344
133.57337943168,53.45978314319,true,Gaia1029678453136362240
33.41005343021,-15.96453827423,true,Gaia5145116734638315776
208.4505100698,-18.50993901367,true,Gaia6293897817757818752
126.30730435301,-24.47157733339,true,Gaia5696132657579193216
1.81142891687,28.41046723987,true,Gaia2860140149721834496
94.28289950386,9.80877811343,true,Gaia3329152571313608576
105.95026364686,5.41020002985,true,Gaia3128784551591208960
201.21828422332,-39.30923047065,true,Gaia6162158118385228032
119.6712615972,3.86104255412,true,Gaia3095112622166052736
337.69394523386,-71.76642473552,false,Gaia6383331754258945792
256.02802306271,53.78161913681,true,Gaia1419860082901116928
310.52118901915,-12.78959866517,true,Gaia6900151044502458240
263.4706666016,41.84273495022,true,Gaia1347364608357976960
4.98672799503,-6.63331193295,true,Gaia2431473486977036544
325.1596675564,-6.6715492785,true,Gaia2667722011384061056
269.78369310547,-29.42057919395,true,Gaia4062327162686193536
267.62706091071,-34.7297204888,true,Gaia4041483239833138944
39.03802722684,39.82005720446,true,Gaia335060676619618304
131.42302501262,83.22706391568,true,Gaia1146101581873483520
58.33051570851,-38.93207909425,true,Gaia4855612398171732096
224.4472718129,-22.00237412806,true,Gaia6232054897196214784
10.78367626368,28.14977648895,true,Gaia2809786296741042432
108.51606575857,35.27926365278,false,Gaia897459117583600896
83.88503888541,3.4814018697,true,Gaia3224349184535074816
248.56224979816,79.94154295994,true,Gaia1709506045913856896
75.50140353903,-20.036801842,true,Gaia2975142095258671744
181.18346360921,-29.5710203184,true,Gaia3473849023080084480
86.16829340099,-29.92173920148,true,Gaia2903934213252843008
143.79057977483,-12.50732673588,true,Gaia5690221025930111616
211.89506574317,-32.44536868541,true,Gaia6124168892133742976
233.44011326284,-66.52813541281,true,Gaia5823857082245453952
57.29053786879,-76.67047632426,true,Gaia4627133989295427200
274.01088704678,-14.75696871254,true,Gaia4146256428518920192
80.56144591261,-22.46439351832,true,Gaia2961745473787353216
94.79560900136,60.09244969978,true,Gaia1004852236496085632
96.64526764606,35.43362379648,true,Gaia942696427565176320
243.16940995257,16.27315267276,true,Gaia1198600410242799616
127.79856735746,34.99102740679,false,Gaia903620540227627520
258.79009094972,23.1856529956,true,Gaia4568474631639711104
62.39783462301,-35.48023142044,true,Gaia4869921790389308032
60.4743409363,1.86551773179,true,Gaia3259586681075513728
205.55563369584,28.38349943852,true,Gaia1454784420495427072
349.8364687283,-20.8141231947,true,Gaia2386528234772065792
119.35283144721,-17.41108598764,true,Gaia5718005822205064832
199.20712917357,-39.62047178192,true,Gaia6138341871891521664
330.16863594887,-47.3779245148,true,Gaia6561274654515300864
133.10494680122,-74.14274014957,true,Gaia5217165841824405248
328.27902160546,-3.79291452104,true,Gaia2670383929034949376
230.44166581189,65.88395754692,true,Gaia1644346787828620544
12.1277247879,-85.08936061467,true,Gaia4616605611408877952
96.97113506143,35.51706104587,false,Gaia942515493478791168
215.27861384382,53.62922669181,true,Gaia1608445877755902464
286.98710235039,7.75074153026,false,Gaia4307187513051098112
272.01185893896,-17.95647660642,false,Gaia4095867799164021632
258.85566391383,-36.55985952344,false,Gaia5973914615250423424
271.16752399526,-20.2058080271,false,Gaia4094978298571169408
188.95609261029,59.17418317925,true,Gaia1578331216343497856
272.31419975233,-19.28771376878,false,Gaia4095106254219992320
271.39071524733,-23.8311233697,false,Gaia4066154459504866432
271.51185564945,-23.89778446339,false,Gaia4066107528418790912
272.1616114497,-20.6811611009,false,Gaia4094159677806022656
275.76317552824,-14.69819632823,false,Gaia4098257385834905344
81.68456973971,-22.85114080732,true,Gaia2958753427770196096
264.71262378177,-33.23965183655,false,Gaia4053731322490426496
263.42002803021,-29.63015430458,false,Gaia4058576183093039616
259.60827320741,-39.51333617621,false,Gaia5972425945255564416
264.5507332186,-28.42126829244,false,Gaia4060426180087357824
263.49291064257,-31.24550487894,false,Gaia4055297817277923328
246.89350909406,-49.33665934022,false,Gaia5940634906564023680
113.68187647561,12.55815191562,true,Gaia3162592674420494080
271.00871735497,-20.91865525659,false,Gaia4070872085935889536
320.87276656678,-0.84803231207,true,Gaia2686269466874846720
269.52404764913,-23.49671702517,false,Gaia4069324458931923712
268.9999297219,-23.93613614731,false,Gaia4067786001641738496
268.80518135014,-24.04827019855,false,Gaia4067789265785838208
260.42911447118,-36.08208927393,false,Gaia5975267804822645376
263.35434506576,-33.51901588312,false,Gaia4054415356122020736
269.79028080734,-24.56181865736,false,Gaia4067505866663779712
82.65410052959,-37.50292837584,false,Gaia4821279499056544128
264.22076418807,-30.33881413505,false,Gaia4055477548758315648
276.40863528299,-10.12014829826,false,Gaia4155978757020684800
272.27144642273,-22.18977676447,false,Gaia4069735263941554304
26.7924402415,46.51216972702,true,Gaia350937280928094336
108.18201502711,50.55630754025,false,Gaia980017941020542848
141.30353265844,52.28621858722,false,Gaia1019788071166861952
274.64630091015,-14.34295645219,false,Gaia4146366585822807808
15.79697578822,13.27161383435,true,Gaia2584881743035136384
157.66039429186,39.19890281745,true,Gaia756059104753288320
278.20910686722,28.55998749905,true,Gaia4587243260767814912
230.46346014038,37.03143367872,true,Gaia1387434351127025152
158.49963144373,-25.24094784803,true,Gaia5470839632664491648
197.22114316919,36.28295725549,true,Gaia1522258769027179776
118.94934038935,22.08061851312,true,Gaia674193115378091392
51.05188851645,-32.04994001229,true,Gaia5054777968787088768
240.59471221525,8.76068149521,true,Gaia4454639787633734528
294.02329552373,58.92087513366,true,Gaia2238520775537198208
177.07866682718,31.90278235392,true,Gaia4021605757325575424
327.90601990105,-44.61230513097,true,Gaia6564958667007459072
53.18377889235,-44.93258560193,true,Gaia4846683543417034368
159.89221645403,39.88276608943,true,Gaia779416996630016768
244.5243887526,9.33447890634,true,Gaia4452360396950366976
142.49321088625,-26.00865060103,true,Gaia5661386853184582144
207.18336695612,-3.89013975707,true,Gaia3657227191563458944
157.19590338344,39.30010264063,false,Gaia756115974415388416
40.03405964268,-23.15436943846,true,Gaia5125348030967198080
183.83096322807,42.81417813232,true,Gaia1536777751351464448
47.61719024457,-19.16198667759,true,Gaia5104289909394732288
241.75624562817,3.13392563331,true,Gaia4413075941703644032
338.53748784215,4.7343915E-4,true,Gaia2654083252541293056
199.2460025008,72.43912544736,true,Gaia1687959427644736512
17.02676502633,16.59721414251,true,Gaia2783763059830312320
83.70584362777,-57.79078370075,true,Gaia4766227604688132096
192.52381124611,26.5187775479,true,Gaia3961558644193943552
209.63244243524,5.08965764418,true,Gaia3671995930531426944
73.30655996905,-13.09863496356,true,Gaia3179784676887948544
72.58206430932,-11.31027816899,true,Gaia3181326673225556352
344.40919486434,13.67930625794,true,Gaia2815907552850885376
32.46131102238,-0.08512740965,true,Gaia2507046215393546496
174.98760630619,65.79707865951,true,Gaia1056752930537522432
246.75810396016,31.59699343729,true,Gaia1324450781738903552
135.1396210859,42.26306424682,true,Gaia1008822057587526528
328.68768658743,-38.44237507206,true,Gaia6585034860272976512
138.42702406243,37.43427505676,true,Gaia715762248409766784
271.82667444423,-26.68583491113,true,Gaia4063274602327741440
170.67277076015,30.59303649685,true,Gaia4023307041115373568
148.81621375089,-25.29233534587,true,Gaia5659279536071616768
214.96603071474,47.15035916086,true,Gaia1506870382242282368
195.82637658632,3.13595659606,true,Gaia3692313226081389056
24.21920459839,-37.41812422099,true,Gaia5010608048374875520
23.73668697109,36.95679880483,true,Gaia319183728713733888
216.7341035529,60.43078149142,true,Gaia1618284032923073792
140.88884932858,-20.61226705954,true,Gaia5676466685222315648
155.07989481335,33.01669617336,true,Gaia749108443214544256
125.18903484556,24.53135420401,true,Gaia679056800766923136
262.51530273109,48.77521393241,true,Gaia1365609045316162688
174.11596073509,55.30911612585,true,Gaia844490351074121856
342.60806933353,-24.80731649512,true,Gaia6623264428596962944
89.31371545505,-47.28971678456,true,Gaia4800896954362465408
304.88079756648,-16.57782770621,true,Gaia6873549254024491776
71.74556769588,-41.76714200239,true,Gaia4815333305813655680
187.64251627312,7.55146723016,true,Gaia3900948473734386304
193.65169827356,5.62235200312,true,Gaia3706004482309632384
73.30746029763,-41.79042777031,true,Gaia4813598173385530368
10.15764542093,34.3164478069,true,Gaia362356362015552384
178.09737864354,0.44105448232,true,Gaia3795344028314585856
228.71574734837,31.28167726436,true,Gaia1276401887383539200
12.96817370831,-39.10718346866,true,Gaia4999675638619030144
230.00915621901,10.84873886521,true,Gaia1169024814468484352
343.1835059943,-50.3606487729,true,Gaia6513285812389038720
171.17860834977,-17.0881638689,true,Gaia3558587976212269056
308.05804770209,-56.39701912994,true,Gaia6469005455481498752
201.32580712057,-29.84585075804,true,Gaia6181996469245243392
218.3171732414,31.52395448656,true,Gaia1286157991494406400
152.61469825586,41.5441814735,true,Gaia805327366098388864
321.42069012957,-17.33094676401,true,Gaia6835070087965109888
335.02816335327,-28.0565188881,true,Gaia6615689381892632320
335.20735665207,-31.94834362617,true,Gaia6613588691913404544
338.80515251466,-48.5996651296,true,Gaia6517562951276126848
233.24271740782,30.98514860616,true,Gaia1274080818337348864
204.86831963139,10.91756381676,true,Gaia3726513500903355520
355.94565691746,-44.12198666133,true,Gaia6532005753765771520
205.51837206023,-18.30072176781,true,Gaia6293447052349197184
237.96862067833,19.18444884678,true,Gaia1203704618098140672
359.53844430669,-46.08357160361,true,Gaia6530809691273048960
356.24066985353,-50.24525647786,true,Gaia6523048174270773760
323.19204048836,-65.34517682005,true,Gaia6400720118336203648
28.3632998468,-43.19391531083,true,Gaia4955899923189830528
226.36593433003,-20.75975243789,true,Gaia6232606439716377728
26.31914899403,-9.75479580048,true,Gaia2464353660650971520
341.16835427698,-24.05057816449,true,Gaia6623617685362639488
61.82536617348,-44.17055073984,true,Gaia4838461842141400832
357.64274735169,-43.43324571921,true,Gaia6532834033914188928
355.80660162791,-46.6674956993,true,Gaia6525371884719690624
178.25671746687,21.85486534675,true,Gaia4000642601773927424
328.11753824382,-44.76776048935,true,Gaia6564906199685822208
134.46747557643,46.36464324959,true,Gaia1010817430674101504
248.9003034518,3.40216992806,true,Gaia4432661198732592640
65.36450741226,-48.30143865118,true,Gaia4788786662712509440
344.02064354942,-28.55850518147,true,Gaia6609233388916748928
251.73557857966,27.07583215574,true,Gaia1307303627322394240
10.09056327156,-3.5809087746,true,Gaia2529144101305472384
11.01805523993,33.39662872761,false,Gaia362057153118702976
214.53176225012,-25.81199972638,true,Gaia6270948334322136320
242.79586686355,-3.19750836762,true,Gaia4404783085710420864
172.41501907338,-23.56378978947,true,Gaia3534920198150845440
142.82959037258,-6.0799178394,true,Gaia3823868207501283840
219.57946772655,17.00924656713,true,Gaia1234925525643482496
264.29953995796,59.78344143739,true,Gaia1434905967518876288
59.81549090101,-7.69503663811,true,Gaia3196712276872580480
15.22550056115,2.19342481034,true,Gaia2539223290036981760
242.18293285265,7.25240007895,true,Gaia4450498820685024000
202.09879202957,39.13820858504,true,Gaia1476689264799611264
10.99505003401,-25.85428280865,true,Gaia2343894156009430784
255.23338052612,24.65781757577,true,Gaia4572525919669228928
250.92999497945,16.62525436819,true,Gaia4559070439966064256
64.66942039529,-27.67458444862,true,Gaia4886378936836555136
252.03149622822,25.7353300807,true,Gaia1306397732820099712
321.93914242543,56.94303228874,false,Gaia2178776852745180288
180.18727135018,-18.9956888924,true,Gaia3566891934701627136
206.9577003466,58.35261829197,true,Gaia1659300661361729152
211.92585158165,29.55606858555,true,Gaia1453078562558681472
19.1582151233,22.19648132539,true,Gaia2790798005807464832
332.21697069999,-19.73329633505,true,Gaia6822179864612167296
252.31249248664,53.05457868608,true,Gaia1425956325121190400
227.58465431347,17.86914391321,true,Gaia1211596397163566976
9.46802769745,44.35909421197,true,Gaia387839399414799488
6.20098984402,8.2033437931,true,Gaia2749057250177626112
122.7373568051,12.15414937859,true,Gaia649885043592106624
136.09739241878,13.15575442401,true,Gaia605354371693389696
233.00666040695,37.00064784356,true,Gaia1375609477230882304
13.01002325279,1.02479771564,true,Gaia2537569384030442496
359.58585463625,-1.60289946598,false,Gaia2449498227768370816
200.71841759559,19.19711321942,true,Gaia3939277865690737024
40.1357671564,-18.86426977828,true,Gaia5128989785276933504
313.85706885758,-51.7648941408,true,Gaia6477461631908693120
243.1663544391,47.19937004365,true,Gaia1386963279113498368
219.80141094318,29.91334817279,true,Gaia1282759160534891776
312.20114041173,-22.86448397848,true,Gaia6807078347283907712
227.1546677045,60.83219283526,true,Gaia1616110057916748032
119.07780518207,60.99635404296,true,Gaia1084693685663566592
246.98496469275,43.11496580761,true,Gaia1405476271786506496
1.61355807566,54.47311399778,true,Gaia420387383146429952
184.40275122972,51.91952701042,true,Gaia1548004555346860928
206.47098671731,13.50840739803,true,Gaia3740824572451710080
136.18473969769,23.56502764787,true,Gaia687943947096068608
205.30498149118,61.5623111984,true,Gaia1664375629078484864
38.98392885916,41.38792012586,true,Gaia338485238726630784
186.32671572046,2.11573285156,true,Gaia3700578010173350144
164.44443300044,5.68935436302,true,Gaia3816223990348178816
200.80348889947,41.82586903742,true,Gaia1525362621633062912
158.63471361739,41.23774151442,true,Gaia780349309475872512
334.03704085825,-0.95235442458,true,Gaia2677784604362413440
325.65375711902,-4.62875361005,true,Gaia2671446916261035904
174.53617452991,43.31865027365,true,Gaia772726743252883072
73.1113146486,-6.20052788618,true,Gaia3188118803226824192
168.21222401799,37.95485908815,true,Gaia763876980319192064
226.44006776841,51.3777619888,true,Gaia1592919055584781056
258.84238748682,57.60740763934,true,Gaia1433100745520237568
255.25258109912,64.20253318045,true,Gaia1632076959617431680
38.64548989469,5.19297756791,true,Gaia2516098017883945600
127.6924252011,15.39160257401,true,Gaia651883337255110912
202.92141521852,41.03299421594,true,Gaia1477089663127262592
119.44463654138,7.68773904233,true,Gaia3144530588890797952
311.83194589471,-16.6516229445,true,Gaia6862008054125736192
132.19208420182,61.2096799335,true,Gaia1041401789709366272
189.98009323975,27.80269708505,true,Gaia3962493572674084864
152.98164500638,29.69488749821,true,Gaia742097579118531584
122.91280936357,8.50113502681,true,Gaia3098306119329582592
148.9080793656,33.58442845992,true,Gaia794971920771995648
245.54212166139,7.03759752558,true,Gaia4439734189532694656
25.19619749827,29.23215007918,true,Gaia302243312546049536
199.8648922037,44.94903203381,true,Gaia1550583872186800384
5.98737183325,29.79679672629,true,Gaia2859013807433934720
243.74307790908,14.81026368582,true,Gaia4464463202472634624
240.03093140813,11.22133434949,true,Gaia4457512605357773824
88.69086547606,-33.08802979083,true,Gaia2890305908362468480
177.6827951372,-0.3983901735,true,Gaia3795145841343641856
245.78176010329,39.15900294306,true,Gaia1332433029997756032
17.09055299694,6.39088695786,true,Gaia2576498417845451648
241.81540249448,40.20771023018,true,Gaia1380118613072426752
183.81667422517,26.13958353977,true,Gaia4003344892117611648
17.95861163648,14.0281701142,true,Gaia2590796123455617792
76.07932578897,-29.74419936488,true,Gaia4876845552549473152
153.2032847819,70.77708037751,true,Gaia1076716380910313472
235.97859807334,49.45591234368,true,Gaia1402466221266468224
196.32539371303,28.63806516481,true,Gaia1461194573280230016
262.15852127511,51.27069682978,true,Gaia1414916369385118080
27.32810088149,1.95628172344,true,Gaia2512029549983383424
166.63910190073,-18.35661878134,true,Gaia3552950883176150016
332.10079338052,18.14078968793,true,Gaia1776336763537000576
120.32415403227,52.17627717886,true,Gaia936287103703804672
351.21922423904,18.40456486799,true,Gaia2824106821514600960
13.58028971415,5.95947485014,true,Gaia2553315627490795264
315.9882032284,-52.90037345704,true,Gaia6476350674191301760
175.78700331169,34.87284290292,true,Gaia4031882205315210368
135.26223831889,35.82459649445,true,Gaia715329384425927168
152.83499056604,3.21241317447,true,Gaia3836654187702664320
22.77295318932,-21.57967012091,true,Gaia5043508425574727680
67.65541809638,-48.92321593146,true,Gaia4787832939454577536
162.23671651052,-16.61924448067,true,Gaia3556988358590801920
143.23103775702,28.67685059105,false,Gaia696138542834691968
66.6854952503,-52.13883233737,true,Gaia4781035518053527168
10.3583702339,-1.72102271414,true,Gaia2530371156282693504
221.22308263676,29.31824771038,true,Gaia1282450025968927616
257.21127209495,42.57906470974,true,Gaia1354409626033768064
159.26084339215,17.57914937502,true,Gaia3889887391053533312
237.55683613299,20.03183464699,true,Gaia1204089103570134528
344.2533129002,-21.70271480676,true,Gaia2396923425722552192
246.45332562407,26.78299577349,true,Gaia1304983211111214848
324.09926387998,15.75220300939,true,Gaia1771850141915004416
212.20809058807,34.80445369156,true,Gaia1482279632888591232
180.66809168092,-12.86064552662,true,Gaia3573880293168716544
268.92013081814,75.54672491438,true,Gaia1655890968429533312
212.20337991183,65.0911217279,true,Gaia1668403552488136320
348.4113131985,52.42743332305,true,Gaia1995247093387561728
0.01218796684,-35.05905786294,true,Gaia2312631844976101888
249.68662925474,33.06098801677,true,Gaia1324874853925941632
152.26121720886,-12.43855145151,true,Gaia3765499846762238976
354.93649469271,19.03082295914,true,Gaia2822930309712778368
203.28955125364,25.65471421564,true,Gaia1448063174628888576
176.3164324507,79.68149383607,false,Gaia1130015829838385920
22.38916054383,11.98550255109,true,Gaia2586379277872392320
82.31585852937,-43.86446024695,true,Gaia4805630493655815040
282.61495755383,28.42032103384,true,Gaia4538495725559294208
142.31040150209,28.42476180857,true,Gaia696162594651441280
338.18921378018,-36.53456188125,true,Gaia6595238465616185472
152.28319871782,58.49704819084,true,Gaia1046640889599999104
211.9468056585,64.90553246013,true,Gaia1668394962553540096
184.8782317146,49.6811656485,true,Gaia1547315264637083008
46.84940099316,6.05499702022,true,Gaia4309329666817408
174.19154709955,56.06373784697,true,Gaia844852816250285184
218.2359684829,49.812259599,true,Gaia1603705157278105856
43.16710517341,-55.64223045912,true,Gaia4740605719585561216
210.16252050567,11.33955866687,true,Gaia3724335402728395008
227.91808632231,40.45598565733,true,Gaia1392038487348366848
148.22592503825,71.96741791519,true,Gaia1119858919377766784
331.89339472866,-40.61555754834,true,Gaia6573123885169783424
124.76121708409,12.7390288256,true,Gaia649601884987864448
319.86502441587,-35.62793013951,true,Gaia6776452584764408064
332.85058632344,25.72419719727,true,Gaia1891692202059685120
136.36443243684,48.84721280348,true,Gaia1012686978397952384
228.46885708037,8.9321464351,true,Gaia1166713164286357760
182.54258398294,39.6600267773,true,Gaia1535828082543167232
282.81069360269,66.10581921128,true,Gaia2255483319375772288
163.70699108428,-17.18538623621,true,Gaia3556461280205276032
159.7896110908,-23.22399890659,true,Gaia5471653099470693504
61.45218691173,-24.35423968263,true,Gaia5083132453820030848
65.13552754995,-66.15856337227,true,Gaia4668789330912220800
24.47524889709,11.73941449536,true,Gaia2585791249605433344
141.65138271858,30.91803948089,true,Gaia697457991147577216
313.19450752283,-4.08531182986,true,Gaia6914108928004058368
271.89237865983,-18.97282750002,true,Gaia4095358626512487296
249.34552643985,-47.43149742364,true,Gaia5941278086505726336
133.34547436402,28.68610125205,true,Gaia705004351766743168
55.13884606888,-12.23651528378,true,Gaia5115175967862562560
219.23648523399,-17.36252579952,true,Gaia6285319256238805760
267.62940987415,-31.70827484046,true,Gaia4055655948861557248
27.45523240413,-46.6912389319,true,Gaia4954143247206336256
63.62223290005,-5.93730392255,true,Gaia3202437880594660480
94.9561642938,6.71036119634,true,Gaia3324926533949199488
272.47054338577,-21.48382866174,true,Gaia4093849473779713792
349.4997297196,42.30272432,true,Gaia1936583711336558848
237.14361187688,-72.46541012756,true,Gaia5794663090001794688
203.5935264274,-40.65714592463,true,Gaia6113061449576569856
299.7355997423,-42.37513974626,true,Gaia6686787858195402368
177.37876738135,-46.18497453495,true,Gaia5377699487288245632
108.9297170275,40.54987699429,true,Gaia948402927272355456
131.18429926469,-6.95207994517,true,Gaia5754156325710961152
262.5312632936,32.80278369123,true,Gaia4601891019092090240
277.57059964937,-64.67627305304,true,Gaia6437683736460382208
286.43273384655,-41.96936643996,true,Gaia6715612620667424256
308.04819461735,20.95676407052,true,Gaia1818332683179500416
100.9816544298,-14.07747191928,true,Gaia2952182127809962752
271.34884073516,38.27497857067,true,Gaia4610123135666565888
27.74124713798,-26.74734120123,true,Gaia5025530001710969216
284.83489035586,46.96070824128,true,Gaia2107379717293290112
114.40618062018,13.18852608289,true,Gaia3164140924231041536
268.3004584037,-29.55202705875,true,Gaia4056547996364312576
91.58675757383,-75.03162456718,true,Gaia5264717825642117632
262.06418158687,-34.89798301858,true,Gaia5975764715357687168
255.78011582784,16.36080977188,true,Gaia4546328989985638272
92.8939734131,-26.53404702147,true,Gaia2911636498364412544
342.0895104635,-21.43163847217,true,Gaia2397506686577022208
189.17274588642,65.91171820396,true,Gaia1680516562853671424
264.529896974,-30.32378711081,true,Gaia4055471746278938112
264.29469751876,-30.3713303536,true,Gaia4055476522282697088
314.46226507899,34.81663603153,true,Gaia1866689578231351552
353.95270678615,37.35038513784,true,Gaia1918881715865950976
176.12446197934,36.88572685739,false,Gaia4032763635683899264
38.99017310743,41.64432297842,true,Gaia338514242643243136
233.39923502969,38.7170125512,true,Gaia1387859621608101248
196.43176378633,-46.04530857071,true,Gaia6086464920435928960
286.52729600682,39.13526015441,true,Gaia2100437095935480448
240.88166028209,69.02713428655,true,Gaia1646748494885130240
8.74430944724,34.55476806458,true,Gaia365225327155159808
166.17520313193,37.93747217059,true,Gaia763275719257657088
302.8759453945,-11.59904913607,true,Gaia6880646876460438528
268.85878504536,-28.8240163865,true,Gaia4062603522291785984
269.40301477417,-28.72915457813,true,Gaia4062582494124065152
222.3692122283,-35.23836197873,true,Gaia6203161445309172352
113.44540256327,3.01952943479,true,Gaia3135582587167217024
173.40580351597,55.59119175031,true,Gaia844742349691284480
268.95683931506,-28.57718789879,true,Gaia4062625546899464704
214.71278623562,8.8744801576,true,Gaia1176642132241916160
264.37804780283,-50.19378689957,true,Gaia5946740735118874752
97.22621580616,-33.13412160154,true,Gaia2891991940724694144
270.87388306052,28.77474561285,true,Gaia4584303647709887360
224.65973480873,-24.49393702448,true,Gaia6229245400173701120
122.13843277509,11.26872306547,true,Gaia649717574227355520
121.06350606929,83.51204390968,true,Gaia1149077066496446976
157.79028366096,-30.75902484041,true,Gaia5449258177918458752
185.03350404708,-3.82888612894,true,Gaia3693248253345769728
18.95527511885,-75.94805950066,true,Gaia4637867726748762112
155.87793510052,-46.01847094414,true,Gaia5365880493202666752
99.32685048287,-41.18427690959,true,Gaia5569774096953598464
167.80134913171,-53.05447886567,true,Gaia5347584482288968064
166.89824273133,64.33574234066,true,Gaia1055595106138536064
144.45372179429,73.0328000015,true,Gaia1120878063578066304
42.04748657568,-48.07194791619,true,Gaia4752237178218107264
348.27632079403,-60.02318435669,true,Gaia6490698892912663168
136.83658020161,-16.55514680138,true,Gaia5729601344844925056
298.9224010572,-37.02211678995,true,Gaia6692034796403525376
306.31321856872,-36.12800609973,true,Gaia6695150636260854784
182.01110045059,63.05799574504,true,Gaia1584436323376181376
202.48988631247,-32.76186774885,true,Gaia6169368853078410752
174.25312837087,-44.78707344782,true,Gaia5378805802138793984
165.11930656181,-31.83312874503,true,Gaia5451907107586817664
307.48334134965,-39.72890284263,true,Gaia6680789747387853312
221.31195295643,-0.39948941661,true,Gaia3651452139881949440
209.5621705828,-28.10298598307,true,Gaia6177280006742838912
55.58865023074,-50.43786453213,true,Gaia4832424286353768320
336.48215545815,-45.25134791135,true,Gaia6520439960890220544
222.59461491254,-41.63713378235,true,Gaia6101070214423844864
39.57656882373,-47.60831771255,true,Gaia4752839293977064960
197.61272142086,-41.50151272099,true,Gaia6137674880652988672
356.59539738458,-58.61932116444,true,Gaia6494588002978860032
208.16667501734,-29.83250464038,true,Gaia6176690290552783488
187.3082579695,-36.01639170995,true,Gaia6157664998477408128
288.67606129298,82.65617090474,true,Gaia2301713660153051392
218.75226200705,53.99827121308,true,Gaia1606956176939190656
275.38759294107,-54.00796930132,true,Gaia6652777932026709504
341.4956915318,-51.56217207641,true,Gaia6513449678277443328
90.39269375345,-58.6993172886,true,Gaia5495521194807018240
301.7411302793,-35.1508096614,true,Gaia6697831662221245184
181.66140015964,-10.15897654124,true,Gaia3581544537753558656
108.70960113191,2.45483164166,true,Gaia3115040308348775680
325.2822008452,-52.51093885384,true,Gaia6462453057670577152
314.87379723314,-41.73832150766,true,Gaia6677341296670496128
354.53300079199,-32.31822779138,true,Gaia2325563574892117888
110.57764169192,-42.10130856916,true,Gaia5560574689321675136
57.18969823627,18.78581484744,true,Gaia50755930639724800
249.67296693066,43.949207674,true,Gaia1405758704540137984
137.5152701392,-14.35172743151,true,Gaia5732162034412560000
343.26339761347,32.8796939535,true,Gaia1890200336579001728
24.75362838496,40.6119990217,true,Gaia347178153750638336
83.04348219491,-73.95619085282,false,Gaia4650326331666404224
116.31519868692,79.22008517824,true,Gaia1138818657370170112
70.63086106707,-25.67741735165,true,Gaia4893406637204596352
38.65766377858,-8.78780081466,true,Gaia5177176329040832000
131.77274862411,81.56716349291,true,Gaia1145300312775086720
96.02747888919,-24.61616547829,true,Gaia2924328607759839744
169.48793198779,-7.51243472358,true,Gaia3783876530057755520
255.75603181186,3.09146797183,true,Gaia4391097155238205312
162.39543030974,19.59532865957,true,Gaia3986496938005599232
226.16901106647,26.91629718551,true,Gaia1268454033221308160
194.02161092418,-3.76411717213,true,Gaia3679014839101889408
197.26304652568,75.42179301316,true,Gaia1691856444746336256
279.2348720742,44.54369151926,true,Gaia2117239695191477376
223.67685385678,15.34491059341,true,Gaia1185550680392718464
262.09053397616,20.88857094121,true,Gaia4555056741496494976
254.89491582696,42.5939015813,true,Gaia1354961683949604096
287.43638969295,-23.5780478417,true,Gaia4080426811923170176
11.8524523038,26.60557248933,true,Gaia2808464030929705984
43.08272397309,-27.4991814709,true,Gaia5072477735171958272
84.44448944557,-24.51789713431,true,Gaia2963371033009574784
60.94050452369,-21.29333108206,true,Gaia5090667681881496704
19.19710044651,8.53401015058,true,Gaia2578659641093920128
281.53137591392,48.33358124568,true,Gaia2119747642555740416
269.36151227802,19.64490947445,true,Gaia4551700207371134592
79.51194897504,-10.69939201562,true,Gaia2990075967127389952
20.48347118255,14.80663961726,true,Gaia2590534641551350144
331.97500837074,-57.12685201738,true,Gaia6411842881041362048
13.14030350824,1.67802762322,true,Gaia2549638791888762368
270.66554208828,56.62750480832,true,Gaia2150412476395511040
273.60059147821,58.26841574266,true,Gaia2152220210950391168
201.26103726019,65.07094610732,true,Gaia1678156147611150464
136.79317012536,43.00005637991,true,Gaia816769979310890496
36.28757469412,-63.22398417676,false,Gaia4700463065451219328
45.57708267371,-22.96672536083,true,Gaia5078076276582448512
75.37257429031,-7.55197950422,true,Gaia3187010529866092672
258.11561116776,57.91858245317,true,Gaia1433864425065596800
207.12726791289,-3.5392863041,true,Gaia3657289928150789504
359.00283892788,-68.33429765703,true,Gaia6388517703930661120
204.36032949141,0.97462750967,true,Gaia3663422454254096384
52.77657504668,-38.40129273817,true,Gaia4853445093250758912
188.40700456652,41.76897964651,true,Gaia1534038421210556928
175.9596222521,36.48650950285,true,Gaia4032329569109132928
122.26770056454,0.51396701977,false,Gaia3083733540109187072
192.6205558583,70.77738041119,true,Gaia1689021079136071936
149.68928370282,47.05678830117,true,Gaia822319424950677760
188.81599373106,63.02038320204,true,Gaia1583741225868735104
23.80711289734,-37.82823478365,true,Gaia5009074435812336000
32.36920492459,-39.66082028309,true,Gaia4964122655257715712
119.28269254851,1.15808668749,true,Gaia3087406871020557824
325.02031238918,-55.30227289375,true,Gaia6461579976717230720
149.71749720245,12.0458446848,true,Gaia3881340852811308800
64.31993473372,-5.89600210707,true,Gaia3202403727014842624
45.46492818229,-26.79841857829,true,Gaia5072780036446317824
56.88701529289,-48.14912093387,true,Gaia4833148830157057024
123.96315598538,78.6954221126,true,Gaia1138863492531864192
277.38242046481,48.74615583001,true,Gaia2120524073860930048
126.90372641273,6.30337238492,true,Gaia3093867459607331328
143.82580988406,2.07098999653,true,Gaia3847504615122111616
93.07984983461,-55.73922594729,true,Gaia5499143394129291904
210.51532593429,56.17995043684,true,Gaia1657580750298719360
147.69784017637,48.0131520137,true,Gaia821904565469369728
20.22715724376,-30.13292319295,true,Gaia5029192779885129344
75.25185870936,-54.44716962479,true,Gaia4770808548086674688
209.37122814411,-2.79389310574,true,Gaia3657609203134581504
58.70777006101,-38.16528216673,true,Gaia4857204319210616960
319.91710119228,-52.2917697912,true,Gaia6466115320447854080
31.05521274752,-32.85634969277,true,Gaia4971219109462290688
176.03282002229,64.74664570344,true,Gaia864427215600461184
87.01033186571,-35.70765797279,true,Gaia2888120113605841408
253.69271085265,-72.00555285602,true,Gaia5807415363296520704
76.52783997386,-60.247403532,true,Gaia4761996610928416128
144.96303521016,-18.53753188654,true,Gaia5677891858451056256
291.82835034282,51.89050675256,false,Gaia2136328763238189184
352.8024241843,-37.19107686196,true,Gaia6550672471908558464
330.27889702837,-56.24827983555,false,Gaia6412856149726157568
23.25803884145,-40.10777688275,true,Gaia5008250076970042624
229.40434738059,62.90223229856,true,Gaia1616751829110619904
83.33596072945,-54.44673629701,true,Gaia4768547574222813312
152.40253679105,-24.94094042801,true,Gaia5473305115692154624
116.7177982025,-22.08432476433,true,Gaia5711830488172162048
125.10092163945,23.58068084902,true,Gaia678925825740507904
28.27253464724,-2.25482330812,true,Gaia2505693030112696960
204.19643468702,-0.81585501193,true,Gaia3662589058800059776
6.78520453361,-21.82211813961,true,Gaia2360796261068411264
49.82293540089,-43.72280740082,true,Gaia4847914584123043072
232.34195381474,52.87975124599,true,Gaia1596198314654579584
119.87985517261,-12.7567119482,true,Gaia3036030987623296896
88.19242688554,-36.62433563741,true,Gaia2887445735021042304
73.09122391389,-55.43564730894,true,Gaia4776328882435936896
263.467630113,54.00847653572,true,Gaia1417802346889787008
118.09419276125,60.96457924749,true,Gaia1084646093129776512
63.39629332464,-3.07403927191,true,Gaia3252216036160147328
18.75396303392,32.75545166914,true,Gaia313787596226783872
25.52720390275,-25.31397427287,true,Gaia5037754470772601216
52.04722999573,-42.29725336123,true,Gaia4849364565081997440
151.81924169501,74.36299383179,true,Gaia1126350436028155648
125.58125866717,34.01248719391,true,Gaia903326150285363712
206.46324712448,-5.88930184384,true,Gaia3632357642997158784
205.02062826724,28.28145470152,true,Gaia1454791464240401152
56.76952489351,-44.43124113126,true,Gaia4836334252781762176
128.63525828086,7.13707294086,true,Gaia595776766422321536
132.26084875091,30.04313372519,true,Gaia705752088392210944
126.68609574381,16.59696590807,true,Gaia652997176894868736
39.08876095088,-1.54569806592,true,Gaia2496810861650923008
240.98304750763,57.51511479402,true,Gaia1622625076627802752
21.91399661149,-58.72098008027,true,Gaia4717341805888177408
27.85980918045,-39.46420160065,true,Gaia4961221284590360832
354.7417482024,-27.90165229777,true,Gaia2331096832798972928
69.63565101979,-43.80942350952,true,Gaia4790691772766056960
333.65695706392,-74.59039763387,true,Gaia6358568892679736576
127.66058904546,31.67547470105,true,Gaia708963968015000704
329.97785980978,-40.09732867596,true,Gaia6572641886759889920
69.22707080258,-37.26075535555,true,Gaia4866499148131158272
197.90232116279,-5.87739794356,true,Gaia3629542588287954688
149.31112971839,54.67153871842,true,Gaia1020887857672085248
187.79282135687,33.87182183769,true,Gaia1518009049210427648
70.3222439779,-43.22930209605,true,Gaia4814737129992758912
177.308030063,-1.74831091346,true,Gaia3794341686026809472
209.268486021,19.31871461876,true,Gaia1246691708810048256
164.98401735369,-30.47444932857,true,Gaia5452798875940234624
176.27060535141,62.77340678514,true,Gaia863088731992659712
72.66119026101,8.02111761932,true,Gaia3289607643481635328
39.8341924929,-37.18175782108,true,Gaia4953621769456257792
17.72913224298,-15.76118791918,true,Gaia2359518697276706816
270.85404532785,-27.8810343148,true,Gaia4062905613176959872
55.005374577,-39.24497580264,true,Gaia4856114840626203008
199.5078148667,47.10772044576,true,Gaia1551421493889063040
49.20962713587,-55.18607541955,true,Gaia4733760435070823424
6.14735816105,2.11344325244,true,Gaia2547654310840650240
231.47456244475,51.61366215838,true,Gaia1595658076488380544
215.28631572949,22.68817510689,true,Gaia1253043999800585344
169.31244701256,71.58808910286,true,Gaia1074623185649176960
137.11545628573,1.22291499279,true,Gaia3843646463180063104
154.32607816153,29.24280517086,false,Gaia741343039264023552
54.09847800378,-60.97997109614,true,Gaia4674706627613884672
44.86881729974,-0.3333264838,true,Gaia5188132477079990528
275.36368911021,-48.4436051601,true,Gaia6706590814233958016
269.54001280132,13.87328281771,true,Gaia4496794990427634048
44.90610062943,0.62676878915,true,Gaia83116207389824
52.5638118463,-54.50588598542,true,Gaia4731029351265229696
65.56159570447,-38.74800695937,true,Gaia4865349505644856576
158.58214385181,19.20616358433,true,Gaia3987128469996800896
273.30494535021,-68.09584345756,false,Gaia6435861059720595200
172.05426548494,10.38564435014,false,Gaia3915475603612739200
244.92661947147,52.9370547484,true,Gaia1428205101277798016
40.24745861319,-77.95607433343,true,Gaia4632948030688838400
324.52197792364,13.664901987,true,Gaia1770549793320912256
353.9649201588,14.1716537824,true,Gaia2813213513141707648
349.46649896791,-61.7659279677,true,Gaia6489895149913120896
40.0383744486,-43.43781994473,true,Gaia4946839771282123392
336.63610766766,-0.9549233509,true,Gaia2629945540632801664
115.223504577,-1.96734283949,true,Gaia3084996947692341376
142.42908410176,6.76783874148,true,Gaia586096666051500800
257.27109074298,45.98558793825,true,Gaia1358929855773868160
218.08936090395,72.66194897331,true,Gaia1698804804182780800
173.24786999875,10.39505930755,true,Gaia3914681069022866048
308.8211484335,-62.61721187043,true,Gaia6453941119685848704
127.56890339121,-67.42481727497,false,Gaia5271881354353466752
34.24952319473,-5.53434578075,true,Gaia2488136131519611648
140.92916955241,22.9090483858,false,Gaia639017573740551296
146.55823941362,13.57810755855,true,Gaia614612676211439232
4.17853963062,-4.07155224314,true,Gaia2444295510543983104
183.9575499932,-0.57560424343,true,Gaia3698103559255552000
123.60557636597,4.34247085591,false,Gaia3091691942709444096
339.75798645236,-16.09304445514,true,Gaia2596616800574068864
235.99766345993,53.9842080191,true,Gaia1597075548839479296
309.10890330854,-78.27617464477,true,Gaia6362226010089339264
340.25843556629,27.54983684763,true,Gaia1887016425783411712
109.22363149772,5.08595146372,false,Gaia3140393470234524160
296.68965870027,18.93905972881,false,Gaia1824627902700034944
95.43393357391,1.44861177751,true,Gaia3123688070381308160
243.11951248459,-53.87282835534,true,Gaia5933000580689024896
282.06619089739,-40.52912130738,true,Gaia6728535352636760832
255.45199238255,13.52721083526,true,Gaia4544531146739361536
5.41355818021,-69.07474359754,true,Gaia4703150576812627840
29.70065239443,15.37056298188,true,Gaia78225618047198976
241.1727882719,16.76064766319,true,Gaia1199252283199546496
335.27896933935,67.68951734414,true,Gaia2219889928962617472
347.3280308976,-51.30436001617,true,Gaia6502408038914486016
123.95572992014,-17.37189283955,true,Gaia5720108711212609024
113.3072815457,20.75484796182,true,Gaia864889968261357568
306.41606089322,-52.3147953777,true,Gaia6475066547688991872
301.33627806396,-25.86240483781,true,Gaia6850213287954507904
273.25068792751,-16.23459052037,true,Gaia4145627336068730880
92.35439968345,59.25527622878,true,Gaia999504757398279552
270.5956453657,-22.11847911818,true,Gaia4069926544596838912
331.44177028987,-51.97203597893,true,Gaia6557854275702917632
99.66624444772,55.90300762384,true,Gaia995062008867760128
349.16327661073,-70.28226552752,true,Gaia6381501617154633344
212.13184926701,-23.67023737254,true,Gaia6274627575106470272
85.09607752136,-15.71921553496,true,Gaia2972012094891415168
51.4554233465,-22.21129875048,true,Gaia5098948344467602944
335.84242361825,38.25848042048,true,Gaia1908528095904037504
183.09488767614,-15.56772368459,true,Gaia3569345426178902656
181.59172072622,-40.3106490761,true,Gaia6149473465052613376
301.35385950803,-25.62179664606,true,Gaia6850244555316740480
255.6635490832,-26.27586814579,true,Gaia4111915278814426112
322.2296339292,-9.54929929771,true,Gaia6894120665604678144
81.50345291496,-69.50401694809,true,Gaia4658072219361975936
82.10086795815,-69.13209726455,true,Gaia4658058299293637120
82.74279078833,-67.69995505962,true,Gaia4658619398114429952
71.91800127957,-69.34442116831,true,Gaia4655401058883222528
73.28692979776,-68.2106013317,true,Gaia4661579661392383744
312.2756154458,-65.69874560791,true,Gaia6425405185172594944
89.55172972765,16.8123910101,true,Gaia3349734196330806784
148.52373186159,22.85862019311,true,Gaia642053290985056768
105.2695657911,10.69023091653,true,Gaia3158897185778291712
89.26067187088,-59.98561899269,true,Gaia4764835966565134208
269.53242402947,-23.02533035992,true,Gaia4069400664512106368
55.52775582969,28.2262973883,true,Gaia71784438415554560
212.68785472883,-41.21497667834,true,Gaia6110158365220842880
81.52401655886,-11.36737531074,true,Gaia3013014807636363520
333.91643810589,-52.06732962239,true,Gaia6511169561743297280
219.52112324731,8.21725762805,true,Gaia1172759481806466176
167.43332553145,-45.12687949462,true,Gaia5387039494962881792
96.58484056579,-35.60847868935,true,Gaia5581424457738324992
329.34560238593,-69.1526508759,true,Gaia6396068870616570368
113.86295410133,10.08640956742,true,Gaia3149597580851027456
176.47246917796,67.66890140023,true,Gaia1057916248199448320
227.74913079307,-66.74814426922,true,Gaia5824413332056266752
311.96580625876,-38.08105185015,true,Gaia6777991076409909632
